race,t,flag,msector,reason,category,race_control_red
2023_Las_Vegas,862.75,SC,2,multi-car incident,matched,
2023_Las_Vegas,1155.25,SC,14,car 4 stopped for 3.0 s after an impact,matched,
2023_Las_Vegas,5848.75,VSC,18,"car 27 stopped for 10.0 s, no impact detected",official yellows only,
2023_Las_Vegas,5848.75,RED,18,"VSC out for a live incident with about 3 laps left: a red flag lets the race restart and finish racing, not behind the VSC",official yellows only,False
2023_Singapore,3874.5,VSC,13,"car 22 stopped for 10.0 s, no impact detected",official yellows only,
2023_Singapore,5652.75,VSC,7,"car 2 stopped for 10.0 s, no impact detected",matched,
2023_Singapore,8175.0,VSC,2,"car 31 stopped for 10.0 s, no impact detected",matched,
2023_Singapore,8638.75,VSC,13,"car 14 stopped for 10.0 s, no impact detected",official yellows only,
2023_Singapore,9235.0,VSC,13,"car 77 stopped for 10.0 s, no impact detected",official yellows only,
2023_Singapore,9798.0,VSC,11,"car 23 stopped for 10.0 s, no impact detected",official yellows only,
2023_Singapore,10129.0,VSC,9,"car 63 stopped for 10.0 s, no impact detected",official yellows only,
2023_Singapore,10129.0,RED,9,"VSC out for a live incident with about 2 laps left: a red flag lets the race restart and finish racing, not behind the VSC",official yellows only,False
2024_Azerbaijan,8717.0,SC,4,multi-car incident,matched,
2024_Azerbaijan,8717.25,RED,4,"SC out for a live incident with about 2 laps left: a red flag lets the race restart and finish racing, not behind the SC",matched,False
2023_Dutch,5068.25,SC,11,car 2 stopped for 3.0 s after an impact,matched,
2023_Dutch,8956.0,SC,2,car 24 stopped for 3.0 s after an impact,matched,
2024_Monaco,3326.0,SC,3,multi-car incident,official yellows only,
2024_Monaco,5816.25,SC,1,multi-car incident,during an official neutralisation,
2024_Australian,4890.5,VSC,15,"car 44 stopped for 10.0 s, no impact detected",matched,
2024_Australian,8231.5,SC,9,car 63 stopped for 3.0 s after an impact,matched,
2024_Chinese,5373.75,VSC,13,"car 77 stopped for 10.0 s, no impact detected",matched,
2024_Chinese,6261.75,VSC,7,"car 22 stopped for 10.0 s, no impact detected",matched,
2026_Chinese,3411.5,SC,4,car 11 stopped for 3.0 s after an impact,official yellows only,
2026_Chinese,3478.75,SC,18,multi-car incident,no official flag,
2026_Chinese,3779.5,SC,17,multi-car incident,no official flag,
2026_Chinese,3887.0,SC,17,multi-car incident,no official flag,
2026_Chinese,4316.25,SC,2,car 18 stopped for 3.0 s after an impact,matched,
2026_Chinese,4928.5,SC,17,multi-car incident,no official flag,
2026_Chinese,6759.25,SC,4,multi-car incident,official yellows only,
2026_Chinese,7952.0,SC,20,car 11 stopped for 3.0 s after an impact,no official flag,
2023_Japanese,4476.5,SC,12,car 77 stopped for 3.0 s after an impact,no official flag,
2023_Japanese,5184.5,VSC,12,"car 20 stopped for 10.0 s, no impact detected",official yellows only,
2026_Barcelona,6531.75,VSC,10,"car 14 stopped for 10.0 s, no impact detected",matched,
2025_São_Paulo,3479.25,SC,10,car 5 stopped for 3.0 s after an impact,matched,
2025_São_Paulo,3987.25,VSC,4,"car 16 stopped for 10.0 s, no impact detected",matched,
2023_Azerbaijan,4832.75,VSC,8,"car 21 stopped for 10.0 s, no impact detected",matched,
2024_Abu_Dhabi,3514.25,VSC,14,"car 11 stopped for 10.0 s, no impact detected",matched,
2024_Abu_Dhabi,6157.5,SC,9,multi-car incident,official yellows only,
2024_Abu_Dhabi,8534.75,VSC,7,"car 30 stopped for 10.0 s, no impact detected",official yellows only,
2023_Canadian,4255.25,VSC,6,"car 2 stopped for 10.0 s, no impact detected",matched,
2023_Canadian,4711.0,SC,1,multi-car incident,during an official neutralisation,
2023_Canadian,6659.5,SC,3,multi-car incident,official yellows only,
2023_Canadian,6809.5,SC,1,multi-car incident,no official flag,
2023_São_Paulo,3762.5,SC,1,multi-car incident,matched,
2023_São_Paulo,5508.0,SC,14,multi-car incident,no official flag,
2025_Las_Vegas,3519.5,VSC,6,"car 18 stopped for 10.0 s, no impact detected",no official flag,
2025_Saudi_Arabian,3441.0,SC,4,multi-car incident,matched,
2025_Emilia_Romagna,5670.25,VSC,8,"car 31 stopped for 10.0 s, no impact detected",matched,
2025_Emilia_Romagna,7111.0,VSC,8,"car 12 stopped for 10.0 s, no impact detected",matched,
