race,t_official,flag,sectors,reason
2023_Australian,3764.18,YELLOW,[5],lap 1 or 2: no clean reference laps yet
2023_Australian,3803.18,DOUBLE_YELLOW,[5],lap 1 or 2: no clean reference laps yet
2023_Australian,3805.18,SC,[5],lap 1 or 2: no clean reference laps yet
2023_Australian,9605.18,RED,[],car already slow or stopped before the window (re-flag of an earlier stoppage)
2023_Australian,10752.18,YELLOW,"[2, 4]",car already slow or stopped before the window (re-flag of an earlier stoppage)
2023_Australian,10764.18,RED,"[2, 4]",car already slow or stopped before the window (re-flag of an earlier stoppage)
2023_Mexico_City,3755.92,DOUBLE_YELLOW,[3],lap 1 or 2: no clean reference laps yet
2023_Mexico_City,3759.92,YELLOW,[3],lap 1 or 2: no clean reference laps yet
2023_Mexico_City,4084.92,VSC,[],"field not racing (SC, VSC, restart or procession)"
2023_Mexico_City,4382.92,YELLOW,[3],"no car collapsed below 50% (debris, weather, or a car that went off and kept going)"
2023_Monaco,3761.02,YELLOW,[7],lap 1 or 2: no clean reference laps yet
2023_Monaco,4613.02,YELLOW,[3],"no car collapsed below 50% (debris, weather, or a car that went off and kept going)"
2023_Monaco,4809.02,DOUBLE_YELLOW,[3],"no car collapsed below 50% (debris, weather, or a car that went off and kept going)"
2024_Canadian,270.0,YELLOW,[2],lap 1 or 2: no clean reference laps yet
2024_Canadian,3005.0,YELLOW,[15],"field not racing (SC, VSC, restart or procession)"
2024_Canadian,4052.0,YELLOW,[2],car already slow or stopped before the window (re-flag of an earlier stoppage)
2024_Mexico_City,3380.85,DOUBLE_YELLOW,"[3, 4]",lap 1 or 2: no clean reference laps yet
2024_Mexico_City,3414.85,YELLOW,"[3, 4]",lap 1 or 2: no clean reference laps yet
2024_Mexico_City,3417.85,SC,"[3, 4]",lap 1 or 2: no clean reference laps yet
2024_Qatar,3306.81,DOUBLE_YELLOW,[3],lap 1 or 2: no clean reference laps yet
2024_Qatar,3349.81,SC,[3],lap 1 or 2: no clean reference laps yet
2024_Qatar,3852.81,DOUBLE_YELLOW,[3],car already slow or stopped before the window (re-flag of an earlier stoppage)
2024_Qatar,5974.81,DOUBLE_YELLOW,[2],car already slow or stopped before the window (re-flag of an earlier stoppage)
2024_Qatar,7155.81,YELLOW,[18],car already slow or stopped before the window (re-flag of an earlier stoppage)
2024_Qatar,7166.81,YELLOW,[18],car already slow or stopped before the window (re-flag of an earlier stoppage)
2024_Qatar,7222.81,DOUBLE_YELLOW,[18],car already slow or stopped before the window (re-flag of an earlier stoppage)
2024_São_Paulo,4390.25,YELLOW,[11],lap 1 or 2: no clean reference laps yet
2024_São_Paulo,6890.25,SC,[],car already slow or stopped before the window (re-flag of an earlier stoppage)
2024_São_Paulo,7143.25,DOUBLE_YELLOW,[14],car already slow or stopped before the window (re-flag of an earlier stoppage)
2024_São_Paulo,7159.25,RED,[14],car already slow or stopped before the window (re-flag of an earlier stoppage)
2024_São_Paulo,8780.25,DOUBLE_YELLOW,[13],car already slow or stopped before the window (re-flag of an earlier stoppage)
2024_São_Paulo,10467.25,DOUBLE_YELLOW,[13],"no car collapsed below 50% (debris, weather, or a car that went off and kept going)"
2025_Australian,4324.38,DOUBLE_YELLOW,[8],lap 1 or 2: no clean reference laps yet
2025_Australian,4328.38,SC,[8],lap 1 or 2: no clean reference laps yet
2025_Australian,4415.38,DOUBLE_YELLOW,[20],lap 1 or 2: no clean reference laps yet
2025_Australian,8230.38,DOUBLE_YELLOW,"[8, 9]",car already slow or stopped before the window (re-flag of an earlier stoppage)
2025_Australian,9217.38,DOUBLE_YELLOW,[2],car already slow or stopped before the window (re-flag of an earlier stoppage)
2025_Australian,9223.38,SC,[2],car already slow or stopped before the window (re-flag of an earlier stoppage)
2025_Azerbaijan,3500.92,YELLOW,"[6, 7]",lap 1 or 2: no clean reference laps yet
2025_Azerbaijan,3506.92,DOUBLE_YELLOW,"[6, 7]",lap 1 or 2: no clean reference laps yet
2025_Azerbaijan,3529.92,SC,"[6, 7]",lap 1 or 2: no clean reference laps yet
2025_Azerbaijan,4403.92,DOUBLE_YELLOW,[17],"no car collapsed below 50% (debris, weather, or a car that went off and kept going)"
2025_British,3402.39,YELLOW,[5],lap 1 or 2: no clean reference laps yet
2025_British,3422.39,YELLOW,[6],lap 1 or 2: no clean reference laps yet
2025_British,3451.39,DOUBLE_YELLOW,[6],lap 1 or 2: no clean reference laps yet
2025_British,3487.39,VSC,[6],lap 1 or 2: no clean reference laps yet
2025_British,3715.39,DOUBLE_YELLOW,"[4, 5]",car already slow or stopped before the window (re-flag of an earlier stoppage)
2025_British,3802.39,YELLOW,[2],car already slow or stopped before the window (re-flag of an earlier stoppage)
2025_British,3895.39,YELLOW,[10],"no car collapsed below 50% (debris, weather, or a car that went off and kept going)"
2025_British,3958.39,VSC,[10],"no car collapsed below 50% (debris, weather, or a car that went off and kept going)"
2025_British,4044.39,DOUBLE_YELLOW,[10],"no car collapsed below 50% (debris, weather, or a car that went off and kept going)"
2025_British,4878.39,YELLOW,[12],"no car collapsed below 50% (debris, weather, or a car that went off and kept going)"
2025_British,4893.39,SC,[12],"no car collapsed below 50% (debris, weather, or a car that went off and kept going)"
2025_British,8307.39,YELLOW,"[11, 12]",car already slow or stopped before the window (re-flag of an earlier stoppage)
2025_Dutch,5867.99,VSC,[],car already slow or stopped before the window (re-flag of an earlier stoppage)
2025_Dutch,6150.99,DOUBLE_YELLOW,[16],"no car collapsed below 50% (debris, weather, or a car that went off and kept going)"
2025_Dutch,7523.99,DOUBLE_YELLOW,"[4, 5]",car already slow or stopped before the window (re-flag of an earlier stoppage)
2025_Dutch,7525.99,YELLOW,"[4, 5]",car already slow or stopped before the window (re-flag of an earlier stoppage)
2025_Dutch,7531.99,SC,"[4, 5]",car already slow or stopped before the window (re-flag of an earlier stoppage)
2025_Dutch,8783.99,DOUBLE_YELLOW,[5],car already slow or stopped before the window (re-flag of an earlier stoppage)
2025_Miami,3449.16,DOUBLE_YELLOW,[2],lap 1 or 2: no clean reference laps yet
2025_Miami,3461.16,YELLOW,[4],lap 1 or 2: no clean reference laps yet
2025_Miami,3463.16,DOUBLE_YELLOW,[4],lap 1 or 2: no clean reference laps yet
2025_Miami,3479.16,DOUBLE_YELLOW,[2],lap 1 or 2: no clean reference laps yet
2025_Miami,3573.16,DOUBLE_YELLOW,"[13, 14]",lap 1 or 2: no clean reference laps yet
2025_Miami,3576.16,VSC,"[13, 14]",lap 1 or 2: no clean reference laps yet
2025_Miami,3744.16,DOUBLE_YELLOW,[13],car already slow or stopped before the window (re-flag of an earlier stoppage)
2026_Australian,6676.38,DOUBLE_YELLOW,"[12, 13]",car already slow or stopped before the window (re-flag of an earlier stoppage)
2026_Belgian,3398.9,DOUBLE_YELLOW,"[4, 5, 6, 7]",lap 1 or 2: no clean reference laps yet
2026_Belgian,3406.9,YELLOW,"[4, 5, 6, 7]",lap 1 or 2: no clean reference laps yet
2026_Belgian,3448.9,SC,"[4, 5, 6, 7]",lap 1 or 2: no clean reference laps yet
2026_Belgian,3449.9,YELLOW,[15],lap 1 or 2: no clean reference laps yet
2026_Belgian,3644.9,DOUBLE_YELLOW,[13],lap 1 or 2: no clean reference laps yet
2026_Belgian,3665.9,YELLOW,[13],lap 1 or 2: no clean reference laps yet
2026_Belgian,3654.9,YELLOW,"[7, 8]",car already slow or stopped before the window (re-flag of an earlier stoppage)
2026_Belgian,3681.9,DOUBLE_YELLOW,[15],"field not racing (SC, VSC, restart or procession)"
2026_Belgian,3682.9,YELLOW,"[7, 8]",car already slow or stopped before the window (re-flag of an earlier stoppage)
2026_Belgian,3759.9,DOUBLE_YELLOW,"[7, 8]",car already slow or stopped before the window (re-flag of an earlier stoppage)
2026_Belgian,3793.9,DOUBLE_YELLOW,"[15, 16]","field not racing (SC, VSC, restart or procession)"
2026_Belgian,4377.9,DOUBLE_YELLOW,[7],car already slow or stopped before the window (re-flag of an earlier stoppage)
2026_Belgian,5476.9,VSC,[],car already slow or stopped before the window (re-flag of an earlier stoppage)
2026_Belgian,5488.9,DOUBLE_YELLOW,"[18, 19]","field not racing (SC, VSC, restart or procession)"
2026_Belgian,5721.9,VSC,[],car already slow or stopped before the window (re-flag of an earlier stoppage)
2026_Belgian,5732.9,DOUBLE_YELLOW,"[15, 16]","field not racing (SC, VSC, restart or procession)"
2026_Belgian,5789.9,YELLOW,"[15, 16]","field not racing (SC, VSC, restart or procession)"
2026_British,3382.51,YELLOW,[7],lap 1 or 2: no clean reference laps yet
2026_British,3494.51,YELLOW,[8],lap 1 or 2: no clean reference laps yet
2026_British,5360.51,VSC,[],"no car collapsed below 50% (debris, weather, or a car that went off and kept going)"
2026_British,5373.51,DOUBLE_YELLOW,[11],car already slow or stopped before the window (re-flag of an earlier stoppage)
2026_British,5386.51,DOUBLE_YELLOW,[11],"field not racing (SC, VSC, restart or procession)"
2026_British,8375.51,SC,[],car already slow or stopped before the window (re-flag of an earlier stoppage)
2026_Canadian,4706.53,YELLOW,"[11, 12]","no car collapsed below 50% (debris, weather, or a car that went off and kept going)"
2026_Canadian,4717.53,DOUBLE_YELLOW,"[11, 12]","no car collapsed below 50% (debris, weather, or a car that went off and kept going)"
2026_Canadian,5180.53,YELLOW,[11],"no car collapsed below 50% (debris, weather, or a car that went off and kept going)"
2026_Canadian,6038.53,DOUBLE_YELLOW,"[9, 10]","no car collapsed below 50% (debris, weather, or a car that went off and kept going)"
2026_Canadian,6041.53,YELLOW,"[9, 10]","no car collapsed below 50% (debris, weather, or a car that went off and kept going)"
2026_Canadian,6069.53,VSC,"[9, 10]","no car collapsed below 50% (debris, weather, or a car that went off and kept going)"
2026_Canadian,7812.53,VSC,[],car already slow or stopped before the window (re-flag of an earlier stoppage)
2026_Canadian,7814.53,DOUBLE_YELLOW,[12],car already slow or stopped before the window (re-flag of an earlier stoppage)
2026_Dutch,3493.22,DOUBLE_YELLOW,"[16, 17, 18]",lap 1 or 2: no clean reference laps yet
2026_Dutch,5326.22,YELLOW,[13],"no car collapsed below 50% (debris, weather, or a car that went off and kept going)"
2026_Dutch,5584.22,YELLOW,[3],"no car collapsed below 50% (debris, weather, or a car that went off and kept going)"
2026_Dutch,10682.22,DOUBLE_YELLOW,"[7, 8]","field not racing (SC, VSC, restart or procession)"
2026_Italian,3597.82,YELLOW,"[14, 15, 16]","no car collapsed below 50% (debris, weather, or a car that went off and kept going)"
2026_Italian,3597.82,DOUBLE_YELLOW,"[14, 15, 16]","no car collapsed below 50% (debris, weather, or a car that went off and kept going)"
2026_Italian,3613.82,SC,"[14, 15, 16]","no car collapsed below 50% (debris, weather, or a car that went off and kept going)"
2026_Italian,5998.82,YELLOW,"[7, 8]",car already slow or stopped before the window (re-flag of an earlier stoppage)
2026_Miami,4198.26,DOUBLE_YELLOW,[16],car already slow or stopped before the window (re-flag of an earlier stoppage)
2026_Miami,4201.26,DOUBLE_YELLOW,[15],car already slow or stopped before the window (re-flag of an earlier stoppage)
2026_Miami,4374.26,DOUBLE_YELLOW,[16],car already slow or stopped before the window (re-flag of an earlier stoppage)
2026_Miami,4540.26,YELLOW,[13],"field not racing (SC, VSC, restart or procession)"
2026_Miami,4563.26,DOUBLE_YELLOW,"[15, 16]",car already slow or stopped before the window (re-flag of an earlier stoppage)
2026_Miami,4627.26,DOUBLE_YELLOW,[15],"field not racing (SC, VSC, restart or procession)"
2026_Miami,4640.26,DOUBLE_YELLOW,[15],"field not racing (SC, VSC, restart or procession)"
2026_Miami,8148.26,YELLOW,[19],car already slow or stopped before the window (re-flag of an earlier stoppage)
