race,flag,t_onset,onset_car,cars,t_official,rc_latency_s,our_alert_type,our_latency_s,lead_s,onset_car_pitted_20s
2023_Australian,YELLOW,4387.25,23,23,4390.18,2.93,IMPACT,0.5,2.43,False
2023_Australian,RED,4387.25,23,23,4560.18,172.93,IMPACT,0.5,172.43,False
2023_Australian,SC,4387.25,23,23,4402.18,14.93,IMPACT,0.5,14.43,False
2023_Australian,VSC,6422.75,63,63,6454.18,31.43,STOPPED,9.0,22.43,False
2023_Australian,YELLOW,9386.25,20,20,9389.18,2.93,STOPPED,15.5,-12.57,False
2023_Australian,SC,9386.25,20,20,9450.18,63.93,STOPPED,15.5,48.43,False
2023_Mexico_City,DOUBLE_YELLOW,6479.75,20,20,6483.92,4.17,IMPACT,0.5,3.67,False
2023_Mexico_City,RED,6479.75,20,20,6652.92,173.17,IMPACT,0.5,172.67,False
2023_Mexico_City,YELLOW,6479.75,20,20,6496.92,17.17,IMPACT,0.5,16.67,False
2023_Mexico_City,SC,6479.75,20,20,6503.92,24.17,IMPACT,0.5,23.67,False
2023_Mexico_City,DOUBLE_YELLOW,9232.75,22,22,9233.92,1.17,IMPACT,0.0,1.17,False
2023_Mexico_City,YELLOW,9232.75,22,22,9234.92,2.17,IMPACT,0.0,2.17,False
2023_Mexico_City,YELLOW,10731.25,18,18,10735.92,4.67,STOPPED,1.75,2.92,False
2023_Monaco,YELLOW,8023.25,55,55,8024.02,0.77,IMPACT,0.5,0.27,False
2023_Monaco,DOUBLE_YELLOW,8023.25,55,55,8041.02,17.77,IMPACT,0.5,17.27,False
2023_Monaco,YELLOW,8023.25,55,55,8032.02,8.77,IMPACT,0.5,8.27,False
2023_Monaco,DOUBLE_YELLOW,8023.25,55,55,8083.02,59.77,IMPACT,0.5,59.27,False
2023_Monaco,YELLOW,8023.25,55,55,8074.02,50.77,IMPACT,0.5,50.27,False
2023_Monaco,YELLOW,8088.5,18,18,8152.02,63.52,,,,False
2023_Monaco,DOUBLE_YELLOW,8088.5,18,18,8150.02,61.52,,,,False
2023_Monaco,YELLOW,8345.25,20,20,8348.02,2.77,STOPPED,2.25,0.52,False
2023_Monaco,YELLOW,8407.25,2,2,8409.02,1.77,STOPPED,3.25,-1.48,False
2023_Monaco,YELLOW,8345.25,20,20,8410.02,64.77,STOPPED,2.25,62.52,False
2023_Monaco,YELLOW,8530.25,20,20,8531.02,0.77,STOPPED,3.75,-2.98,False
2023_Monaco,DOUBLE_YELLOW,8530.25,20,20,8531.02,0.77,STOPPED,3.75,-2.98,False
2023_Monaco,DOUBLE_YELLOW,8671.5,23,23,8681.02,9.52,STOPPED,2.75,6.77,False
2023_Monaco,YELLOW,8671.5,23,23,8671.02,-0.48,STOPPED,2.75,-3.23,False
2023_Monaco,DOUBLE_YELLOW,9421.0,22,22,9432.02,11.02,STOPPED,2.75,8.27,False
2023_Monaco,YELLOW,9421.0,22,22,9421.02,0.02,STOPPED,2.75,-2.73,False
2024_Canadian,YELLOW,796.75,2,2,800.0,3.25,IMPACT,0.75,2.5,False
2024_Canadian,DOUBLE_YELLOW,2431.5,2,2,2446.0,14.5,IMPACT,0.5,14.0,False
2024_Canadian,YELLOW,2431.5,2,2,2435.0,3.5,IMPACT,0.5,3.0,False
2024_Canadian,SC,2431.5,2,2,2480.0,48.5,IMPACT,0.5,48.0,False
2024_Canadian,YELLOW,4718.25,44,44,4718.0,-0.25,,,,False
2024_Canadian,YELLOW,4984.0,11,11,4985.0,1.0,IMPACT,0.75,0.25,False
2024_Canadian,DOUBLE_YELLOW,4984.0,11,"11,23,3,55",5080.0,96.0,IMPACT,0.75,95.25,False
2024_Canadian,YELLOW,4984.0,11,"11,23,3,55",5064.0,80.0,IMPACT,0.75,79.25,False
2024_Canadian,SC,4984.0,11,"11,23,3,55",5093.0,109.0,IMPACT,0.75,108.25,False
2024_Canadian,DOUBLE_YELLOW,6276.75,22,22,6283.0,6.25,IMPACT,0.75,5.5,False
2024_Canadian,YELLOW,6276.75,22,22,6280.0,3.25,IMPACT,0.75,2.5,False
2024_Qatar,SC,6408.25,44,44,6468.81,60.56,ANOMALY,28.25,32.31,False
2024_Qatar,SC,7177.5,27,27,7200.81,23.31,IMPACT,0.75,22.56,False
2024_Qatar,VSC,7177.5,27,27,7180.81,3.31,IMPACT,0.75,2.56,False
2024_Qatar,YELLOW,7177.5,27,27,7179.81,2.31,IMPACT,0.75,1.56,False
2024_São_Paulo,DOUBLE_YELLOW,4644.25,50,50,4645.25,1.0,STOPPED,2.0,-1.0,False
2024_São_Paulo,DOUBLE_YELLOW,5259.25,44,44,5257.25,-2.0,,,,False
2024_São_Paulo,DOUBLE_YELLOW,6464.0,30,30,6465.25,1.25,STOPPED,1.5,-0.25,False
2024_São_Paulo,DOUBLE_YELLOW,6464.0,30,"27,30",6579.25,115.25,STOPPED,1.5,113.75,False
2024_São_Paulo,VSC,6464.0,30,"27,30",6618.25,154.25,STOPPED,1.5,152.75,False
2024_São_Paulo,YELLOW,6464.0,30,"27,30",6582.25,118.25,STOPPED,1.5,116.75,False
2024_São_Paulo,DOUBLE_YELLOW,9038.25,50,50,9042.25,4.0,IMPACT,0.5,3.5,False
2024_São_Paulo,YELLOW,9038.25,50,50,9040.25,2.0,IMPACT,0.5,1.5,False
2024_São_Paulo,DOUBLE_YELLOW,9177.0,50,50,9176.25,-0.75,,,,False
2024_São_Paulo,SC,9303.25,55,55,9311.25,8.0,IMPACT,0.5,7.5,False
2024_São_Paulo,DOUBLE_YELLOW,9303.25,55,55,9308.25,5.0,IMPACT,0.5,4.5,False
2024_São_Paulo,DOUBLE_YELLOW,9795.75,14,14,9794.25,-1.5,STOPPED,5.0,-6.5,False
2025_Australian,SC,7641.25,14,14,7666.38,25.13,IMPACT,1.0,24.13,False
2025_Australian,DOUBLE_YELLOW,7641.25,14,14,7646.38,5.13,IMPACT,1.0,4.13,False
2025_Australian,DOUBLE_YELLOW,8955.25,4,"16,4,81",9012.38,57.13,IMPACT,3.5,53.63,True
2025_Australian,YELLOW,8955.25,4,"16,4,81",8965.38,10.13,IMPACT,3.5,6.63,True
2025_Australian,DOUBLE_YELLOW,9074.75,30,"30,5",9198.38,123.63,STOPPED,2.0,121.63,False
2025_Australian,YELLOW,9074.75,30,"30,5",9194.38,119.63,STOPPED,2.0,117.63,False
2025_Azerbaijan,DOUBLE_YELLOW,5460.75,43,43,5463.92,3.17,IMPACT,0.5,2.67,False
2025_Azerbaijan,YELLOW,5460.75,43,43,5462.92,2.17,IMPACT,0.5,1.67,False
2025_British,SC,5595.75,6,6,5614.39,18.64,IMPACT,1.0,17.64,False
2025_British,DOUBLE_YELLOW,5595.75,6,6,5664.39,68.64,IMPACT,1.0,67.64,False
2025_British,YELLOW,5595.75,6,6,5600.39,4.64,IMPACT,1.0,3.64,False
2025_British,YELLOW,6176.75,87,87,6177.39,0.64,IMPACT,-0.25,0.89,False
2025_British,YELLOW,7994.5,63,63,7995.39,0.89,IMPACT,0.5,0.39,False
2025_British,YELLOW,8379.5,87,"31,87",8380.39,0.89,IMPACT,0.5,0.39,False
2025_British,YELLOW,8429.0,16,"16,55",8430.39,1.39,STOPPED,3.25,-1.86,False
2025_Dutch,YELLOW,5097.5,44,44,5100.99,3.49,STOPPED,2.25,1.24,False
2025_Dutch,SC,5097.5,44,44,5114.99,17.49,STOPPED,2.25,15.24,False
2025_Dutch,DOUBLE_YELLOW,5097.5,44,44,5099.99,2.49,STOPPED,2.25,0.24,False
2025_Dutch,YELLOW,8599.25,4,4,8604.99,5.74,STOPPED,4.75,0.99,False
2025_Dutch,SC,8599.25,4,4,8620.99,21.74,STOPPED,4.75,16.99,False
2025_Dutch,DOUBLE_YELLOW,8599.25,4,4,8628.99,29.74,STOPPED,4.75,24.99,False
2025_Miami,VSC,6050.0,87,87,6098.16,48.16,STOPPED,2.5,45.66,False
2025_Miami,VSC,6413.75,5,5,6522.16,108.41,STOPPED,62.75,45.66,False
2026_Australian,SC,4654.5,6,6,4681.38,26.88,STOPPED,8.75,18.13,False
2026_Australian,DOUBLE_YELLOW,4654.5,6,6,4692.38,37.88,STOPPED,8.75,29.13,False
2026_Australian,YELLOW,4654.5,6,6,4689.38,34.88,STOPPED,8.75,26.13,False
2026_Australian,YELLOW,5307.25,77,77,5311.38,4.13,STOPPED,2.0,2.13,False
2026_Australian,SC,5307.25,77,77,5328.38,21.13,STOPPED,2.0,19.13,False
2026_Australian,SC,6614.0,63,63,6673.38,59.38,IMPACT,1.25,58.13,False
2026_British,DOUBLE_YELLOW,6912.5,27,27,6955.51,43.01,ANOMALY,2.0,41.01,False
2026_British,YELLOW,6912.5,27,27,6920.51,8.01,ANOMALY,2.0,6.01,False
2026_British,SC,6912.5,27,27,6947.51,35.01,ANOMALY,2.0,33.01,False
2026_British,DOUBLE_YELLOW,6912.5,27,27,7023.51,111.01,ANOMALY,2.0,109.01,False
2026_British,DOUBLE_YELLOW,7814.25,3,3,7834.51,20.26,IMPACT,0.5,19.76,False
2026_British,YELLOW,7814.25,3,3,7815.51,1.26,IMPACT,0.5,0.76,False
2026_British,SC,7814.25,3,3,7835.51,21.26,IMPACT,0.5,20.76,False
2026_Canadian,YELLOW,6861.25,1,1,6861.53,0.28,STOPPED,3.25,-2.97,False
2026_Canadian,SC,7270.5,77,77,7293.53,23.03,STOPPED,2.75,20.28,False
2026_Canadian,YELLOW,8516.25,27,27,8516.53,0.28,STOPPED,1.75,-1.47,False
2026_Dutch,YELLOW,9427.0,31,31,9441.22,14.22,STOPPED,8.75,5.47,False
2026_Dutch,SC,9427.0,31,31,9472.22,45.22,STOPPED,8.75,36.47,False
2026_Dutch,DOUBLE_YELLOW,9427.0,31,31,9488.22,61.22,STOPPED,8.75,52.47,False
2026_Dutch,SC,10560.25,23,23,10659.22,98.97,,,,False
2026_Italian,DOUBLE_YELLOW,7849.5,18,18,7887.82,38.32,STOPPED,2.75,35.57,False
2026_Italian,YELLOW,7849.5,18,18,7854.82,5.32,STOPPED,2.75,2.57,False
2026_Italian,SC,7849.5,18,18,7869.82,20.32,STOPPED,2.75,17.57,False
2026_Miami,SC,3826.25,6,"18,6",3934.26,108.01,IMPACT,0.75,107.26,False
2026_Miami,DOUBLE_YELLOW,3826.25,6,"18,6",3905.26,79.01,IMPACT,0.75,78.26,False
2026_Miami,YELLOW,3826.25,6,"18,6",3922.26,96.01,IMPACT,0.75,95.26,False
2026_Miami,DOUBLE_YELLOW,3919.0,30,"10,30",3921.26,2.26,STOPPED,2.75,-0.49,False
2026_Miami,DOUBLE_YELLOW,3919.0,30,"10,11,30",4013.26,94.26,STOPPED,2.75,91.51,False
2026_Miami,YELLOW,5147.25,18,18,5148.26,1.01,STOPPED,1.75,-0.74,False
2026_Miami,DOUBLE_YELLOW,8989.75,16,16,8991.25,1.5,IMPACT,1.25,0.25,False
2026_Miami,YELLOW,8989.75,16,16,8992.25,2.5,IMPACT,1.25,1.25,False
