feature,gain
last_lap_delta,0.1539785052748694
t_since_restart,0.14565522139660234
drv_lap,0.11355119098213935
lap_ratio_min_5s,0.07512334058446885
tyre_life,0.06172942565575689
gap_ahead_s,0.061725553164686475
laps_since_pit,0.04736775925997874
gap_behind_s,0.043922998528721086
status_code,0.03993884130671001
field_ratio,0.024428917337082218
rel_ratio_min_5s,0.02293998949506598
rainfall,0.022610116668196283
compound_code,0.021786478055024115
rel_ratio,0.016996090953197287
cars_within_1s,0.016162533916359426
closing_rate_max_5s,0.0160767143637062
lap_ratio,0.015905370083810308
heading_max_5s,0.015084967547707186
lat_off_std_5s,0.014038423385456304
dspeed_min_5s,0.012322534053296344
lap_ratio_min_2s,0.012049342329935668
lap_ratio_mean_5s,0.006139460688448604
rel_ratio_min_2s,0.006065256609023524
speed,0.004893377117503337
throttle,0.004524953663334945
brake_throttle_5s,0.003701559669230875
ref_speed,0.003699326947923126
throttle_std_5s,0.0030325927271183076
closing_rate,0.0024654222063454903
lat_off_std_2s,0.002233828445005041
anomaly_score,0.002125041099059231
lat_abs_max_2s,0.0019336200315045785
dspeed_1s,0.001867712680182276
brake_throttle_2s,0.0009614044350950046
is_lap1,0.0009401803354985099
dspeed_min_2s,0.0008870468669926235
throttle_std_2s,0.0007149262231507203
heading_err,0.0004024029430033172
lat_off_abs,1.7572968810030254e-05
